{
  "title": "Bunny’s Forest Run",
  "pages": [
    {
      "text": "Bunny wakes up early to run through the cool green forest.",
      "image": "bunny_run1.png"
    },
    {
      "text": "He jumps over bushes and small logs happily.",
      "image": "bunny_jump.png"
    },
    {
      "text": "Bunny finds a sparkling blue butterfly and follows it.",
      "image": "butterfly.png"
    },
    {
      "text": "The butterfly leads him to a beautiful flower field.",
      "image": "flower_field.png"
    },
    {
      "text": "Bunny sits and rests with a bright smile. What a fun morning!",
      "image": "bunny_rest.png"
    }
  ]
}
