{
  "title": "The Magical Tree of Light",
  "pages": [
    {
      "text": "In the center of the forest stands a glowing tree called the Tree of Light.",
      "image": "https://cdn.pixabay.com/photo/2017/09/07/08/12/tree-2720495_1280.jpg"
    },
    {
      "text": "Animals gather around it every morning to feel its warm, happy glow.",
      "image": "https://cdn.pixabay.com/photo/2020/01/17/17/08/squirrel-4773211_1280.jpg"
    },
    {
      "text": "One day, the glow becomes dim, and everyone becomes worried.",
      "image": "https://cdn.pixabay.com/photo/2015/12/01/20/28/forest-1072828_1280.jpg"
    },
    {
      "text": "You gently touch the tree, and tiny sparkles rise from your hand.",
      "image": "https://cdn.pixabay.com/photo/2017/03/08/20/48/hands-2127749_1280.jpg"
    },
    {
      "text": "The tree shines brightly again! The whole forest cheers happily.",
      "image": "https://cdn.pixabay.com/photo/2016/11/22/20/01/sunrise-1853340_1280.jpg"
    }
  ]
}
